{"Age": {"mean": 53.75436046511628, "std": 9.384509666680428}, "RestingBP": {"mean": 133.07703488372093, "std": 18.519117916828215}, "Cholesterol": {"mean": 201.63662790697674, "std": 107.36777398714463}, "FastingBS": {"mean": 0, "std": 1}, "MaxHR": {"mean": 136.19476744186048, "std": 25.024345737642765}, "Oldpeak": {"mean": 0.9155523255813953, "std": 1.0968132950683893}, "Sex_M": {"mean": 0, "std": 1}, "ChestPainType_ATA": {"mean": 0, "std": 1}, "ChestPainType_NAP": {"mean": 0, "std": 1}, "ChestPainType_TA": {"mean": 0, "std": 1}, "RestingECG_Normal": {"mean": 0, "std": 1}, "RestingECG_ST": {"mean": 0, "std": 1}, "ExerciseAngina_Y": {"mean": 0, "std": 1}, "ST_Slope_Flat": {"mean": 0, "std": 1}, "ST_Slope_Up": {"mean": 0, "std": 1}}